基金名稱,類型,幣別,群益金鼎證券,兆豐證券,國泰證券,永豐金證券,康和證券,好好證券,元大證券,容海投顧,華南永昌證券,遠智證券,鉅亨投顧,新光投信,宏利投信,基富通證券,凱基證券,台銀證券,統一證券,台新證券,安睿宏觀投顧,富邦證券,日盛證券,元富證券,合庫證券,中租投顧,台新投信,柏瑞投信,核聚投顧
野村優質,前收累積,新臺幣,38,19330754A,1,140033,V,●,WMF000030,V,A11004,●,A32001,X,X,NOM015,115,●,A080004,X,V,DM120001 (信託平台),A32012,FD07001,X,32017,X,X,X
野村優質,TISA,新臺幣,X,X,X,X,X,X,X,X,X,X,X,X,X,X,X,X,X,X,X,X,X,X,X,X,X,X,X
野村優質,後收累積,新臺幣,,,,,,,,,,,,,,,,,,,,,,,,,,,
野村成長,前收累積,新臺幣,19,17146752,3,140050,V,●,WMF000031,V,A11005,●,A32004,X,X,NOM011,116,●,A080005,X,●,DM120002 (信託平台),A32013,FD07003,X,32012,X,X,X
野村平衡,前收累積,新臺幣,8,17602250,4,140081,V,●,WMF000032,V,A11038,●,A32005,X,X,NOM013,117,●,A080006,X,●,DM120003 (信託平台),A32014,FD07009,X,32014,X,X,X
野村平衡,TISA,新臺幣,X,X,X,X,X,X,X,X,X,X,X,X,X,X,X,X,X,X,X,X,X,X,X,X,X,X,X
野村ｅ科技,前收累積,新臺幣,1,18037937,5,140045,V,●,WMF000033,V,A11006,●,A32006,X,X,NOM014 ,118,●,A080007,X,●,DM120004 (信託平台),A32015,FD07007,X,32001,X,X,X
野村中小,前收累積,新臺幣,2,18488469A,7,140047,V,●,WMF000034,V,A11007,●,A32008,X,X,NOM003,119,●,A080008,X,●,DM120005 (信託平台),A32016,FD07005,X,32016,X,X,X
野村全球品牌,前收累積,新臺幣,13,14697373,8,140060,V,●,WMF000035,V,A11008,●,A32009,X,X,NOM010,120,●,A080009,X,V,DM120006 (信託平台),A32017,FD07022,X,32010,X,X,X
野村全球品牌,前收累積,美元,●,●,●,140135,●,●,●,V,●,●,●,X,X,NOM116,1238,●,●,X,●,DM120098 (信託平台),●,●,X,32011,X,X,X
野村全球品牌,後收累積,新臺幣,124,14697373C,●,42N021,●,●,●,V,●,●,●,X,X,●,1239,●,A08B008C,X,●,DM620007 (信託平台),●,FD65001,X,●,X,X,X
野村全球品牌,後收累積,美元,125,14697373D,●,42N022,●,●,●,V,●,●,●,X,X,●,1240,●,A08B008D,X,●,DM620008 (信託平台),●,FD65014,X,●,X,X,X
野村全球高股息,前收累積,新臺幣,18,94988015A,9,140063,V,●,WMF000036,V,A11009,●,A32010,X,X,NOM058,121,●,A080010,X,V,DM120007 (信託平台),A32018,FD07014,X,32097,X,X,X
野村全球高股息,前收累積,人民幣,75,94988015C,70,140065,●,●,WMF002264,V,●,●,A32072,X,X,NOM060,●,●,●,X,●,DM120055 (信託平台),A32072,●,X,32099,X,X,X
野村全球高股息,前收季配,新臺幣,17,94988015B,38,140064,V,●,WMF000058,V,A11010,●,A32036,X,X,NOM059,122,●,●,X,V,DM120027 (信託平台),A32019,FD07015,X,32098,X,X,X
野村全球高股息,前收季配,人民幣,76,94988015D,71,140066,●,●,WMF002265,V,●,●,A32073,X,X,NOM061,●,●,●,X,●,DM120056 (信託平台),A32071,●,X,32100,X,X,X
野村鑫平衡組合,前收累積,新臺幣,45,99364447A,11,140080,V,●,WMF000038,V,A11053,●,A32012,X,X,NOM063,124,●,A080012,X,●,●,A32021,FD07011,X,32101,X,X,X
野村全球不動產證券化,前收累積,新臺幣,10,21758780A,14,140067,V,●,WMF000040,V,A11013,●,A32015,X,X,NOM017,127,●,A080014,X,V,DM120011 (信託平台),A32024,FD07023,X,32019,X,X,X
野村全球不動產證券化,前收累積,人民幣,73,21758780C,72,140069,●,●,WMF002266,V,●,●,A32068,X,X,NOM019,●,●,●,X,●,DM120057 (信託平台),A32070,●,X,32021,X,X,X
野村全球不動產證券化,前收月配,新臺幣,9,21758780B,40,140068,V,●,WMF000060,V,A11014,●,A32035,X,X,NOM018,128,●,●,X,●,DM120029 (信託平台),A32025,FD07024,X,32020,X,X,X
野村全球不動產證券化,前收月配,人民幣,74,21758780D,73,140070,●,●,WMF002267,V,●,●,A32069,X,X,NOM020,●,●,●,X,●,DM120058 (信託平台),A32069,●,X,32022,X,X,X
野村亞太高股息,前收累積,新臺幣,21,48745964A,17,140029,V,●,WMF000042,V,A11015,●,A32018,X,X,NOM052,130,●,A080015,X,●,DM120012 (信託平台),A32026,FD07018,X,32076,X,X,X
野村亞太高股息  (暫停銷售),前收累積,人民幣,●,48745964C,●,◎140031,●,●,●,V,●,●,◎A32089,X,X,●,●,●,●,X,●,DM120076 (信託平台),●,●,X,●,X,X,X
野村亞太高股息,前收季配,新臺幣,20,48745964B,41,140030,V,●,WMF000061,V,A11016,●,A32037,X,X,NOM053,131,●,●,X,●,DM120030 (信託平台),A32027,FD07019,X,32077,X,X,X
野村亞太高股息  (暫停銷售),前收季配,人民幣,●,48745964D,●,◎140032,●,●,●,V,●,●,◎A32090,X,X,●,●,●,●,X,●,DM120077 (信託平台),●,●,X,●,X,X,X
野村台灣運籌,前收累積,新臺幣,7,988316,18,140049,V,●,WMF000043,V,A11017,●,A32002,X,X,NOM006,101,●,A080016,X,●,DM120013 (信託平台),A32001,FD07002,X,32004,X,X,X
野村鴻運,前收累積,新臺幣,42,968493,19,140048,V,●,WMF000044,V,A11018,●,A32007,X,X,NOM004,114,●,A080017,X,●,DM120014 (信託平台),A32045,FD07006,X,32002,X,X,X
野村環球,前收累積,新臺幣,39,01021518A,20,140027,V,●,WMF000045,V,A11019,●,A32013,X,X,NOM001,102,●,A080018,X,V,DM120015 (信託平台),A32002,FD07021,X,32005,X,X,X
野村環球,前收累積,美元,●,01021518C,●,●,●,●,WMF004308,V,●,●,A32105,X,X,NOM092,10236,●,A080018C,X,V,DM120090 (信託平台),A32095,FD07085,X,32007,X,X,X
野村環球,前收累積,人民幣,●,01021518B,86,140028,●,●,WMF004307,V,●,●,A32084,X,X,NOM002,10237,●,A080018B,X,●,DM120071 (信託平台),A32094,FD07086,X,32006,X,X,X
野村鴻利,前收累積,新臺幣,40,971103,21,140082,V,●,WMF000046,V,A11039,●,A32019,X,X,NOM005,103,●,A080019,X,●,DM120016 (信託平台),A32003,FD07010,X,32003,X,X,X
野村積極成長,前收累積,新臺幣,37,1031564,23,140051,V,●,WMF000048,V,A11020,●,A32021,X,X,NOM008 ,104,●,A080020,X,●,DM120018 (信託平台),A32004,FD07004,X,32008,X,X,X
野村貨幣市場,前收累積,新臺幣,25,92024520,25,140084,V,●,WMF000050,V,A11002,●,A32023,X,X,NOM057,106,●,A080001,X,●,DM120020 (信託平台),A32006,FD07030,V,32096,X,X,X
野村泰國,前收累積,新臺幣,22,20089404,27,140058,V,●,WMF000052,V,A11023,●,A32025,X,X,NOM016,108,●,A080023,X,●,DM120022 (信託平台),A32008,FD07028,X,32018,X,X,X
野村高科技,前收累積,新臺幣,23,17600534,28,140046,V,●,WMF000053,V,A11024,●,A32026,X,X,NOM012,109,●,A080024,X,●,DM120023 (信託平台),A32009,FD07008,X,32013,X,X,X
野村高科技,後收累積,新臺幣,,,,,,,,,,,,,,,,,,,,,,,,,,,
野村精選貨幣市場,前收累積,新臺幣,32,18479285,30,●,V,●,WMF000054,V,●,●,●,X,X,●,110,●,A080003,X,●,●,A32010,FD07031,V,32015,X,X,X
野村台灣高股息,前收累積,新臺幣,6,99973878,36,140043,V,●,WMF000056,V,A11025,●,A32033,X,X,NOM064,112,●,A080025,X,●,DM120025 (信託平台),A32011,FD07020,X,32102,X,X,X
野村台灣高股息,前收月配,新臺幣,●,●,●,●,V,●,●,V,●,●,●,X,X,NOM150,●,●,●,X,●,●,●,●,X,●,X,X,X
野村台灣高股息,TISA,新臺幣,X,X,X,X,X,X,X,X,X,X,X,X,X,X,X,X,X,X,X,X,X,X,X,X,X,X,X
野村全球生技醫療,前收累積,新臺幣,11,48844514,37,140075,V,●,WMF000057,V,A11026,●,A32034,X,X,NOM054,132,●,A080026,X,●,DM120026 (信託平台),A32028,FD07032,X,32078,X,X,X
野村大俄羅斯,前收累積,新臺幣,29,10306992,46,140052,V,●,WMF000066,V,A11029,●,A32044,X,X,●,137,●,A080029,X,●,DM120033 (信託平台),A32031,FD07037,X,32009,X,X,X
野村中國機會,前收累積,新臺幣,3,25530596,48,140054,●,●,WMF000068,V,A11030,●,A32046,X,X,NOM021,139,●,A080031,X,●,DM120034 (信託平台),A32033,FD07039,X,32023,X,X,X
野村中國機會,前收累積,美元,●,●,●,●,●,●,●,V,●,●,●,X,X,●,●,●,●,X,●,●,●,●,X,32024,X,X,X
野村中國機會,前收累積,人民幣,●,●,●,●,●,●,●,V,●,●,●,X,X,●,●,●,●,X,●,●,●,●,X,32025,X,X,X
野村巴西,前收累積,新臺幣,5,25652008,51,140055,V,●,WMF000071,V,A11031,●,A32049,X,X,NOM025,142,●,A080032,X,●,DM120037 (信託平台),A32036,FD07042,X,32026,X,X,X
野村印度潛力,前收累積,新臺幣,44,26278374,54,140056,V,●,WMF000216,V,A11032,●,A32053,X,X,NOM028,145,●,◎A080033,X,●,DM120040 (信託平台),A32039,FD07045,X,32027,X,X,X
野村亞太複合非投資等級債券,前收累積,新臺幣,48,26310557A,56,140013,V,●,WMF000233,V,A11042,●,A32054,X,X,NOM030,147,●,A080037A,X,●,DM120042 (信託平台),A32041,FD07047,X,32028,X,X,X
野村亞太複合非投資等級債券,前收累積,美元,●,26310557E,●,140097,●,●,WMF003128,V,●,●,A32103,X,X,NOM093,190,●,A080037E,X,●,DM120099 (信託平台),●,●,X,32032,X,X,X
野村亞太複合非投資等級債券,前收累積,人民幣,56,26310557C,65,140015,●,●,WMF002067,V,A11044,●,A32063,X,X,NOM032,156,●,A080037C,X,●,DM120050 (信託平台),A32052,●,X,32030,X,X,X
野村亞太複合非投資等級債券,前收月配,新臺幣,47,26310557B,57,140014,V,●,WMF000234,V,A11043,●,A32055,X,X,NOM031,148,●,A080037B,X,●,DM120043 (信託平台),A32042,FD07048,X,32029,X,X,X
野村亞太複合非投資等級債券,前收月配,美元,●,26310557F,●,140098,●,●,WMF003129,V,●,●,A32104,X,X,NOM094,191,●,A080037F,X,●,DM120100 (信託平台),●,●,X,32033,X,X,X
野村亞太複合非投資等級債券,前收月配,人民幣,57,26310557D,66,140016,●,●,WMF002068,V,A11045,●,A32064,X,X,NOM033,157,●,A080037D,X,●,DM120051 (信託平台),A32053,●,X,32031,X,X,X
野村亞太複合非投資等級債券,後收累積,新臺幣,142,26310557H,●,●,●,●,●,V,●,●,●,X,X,●,10221,●,●,X,●,DM620009 (信託平台),●,FD65002,X,●,X,X,X
野村亞太複合非投資等級債券,後收月配,新臺幣,141,26310557I,●,●,●,●,●,V,●,●,●,X,X,●,10222,●,●,X,●,DM620010 (信託平台),●,FD65003,X,●,X,X,X
野村亞太複合非投資等級債券,後收月配,美元,140,26310557J,●,●,●,●,●,V,●,●,●,X,X,●,10223,●,●,X,●,DM620011 (信託平台),●,FD65015,X,●,X,X,X
野村亞太複合非投資等級債券,後收月配,人民幣,139,●,●,●,●,●,●,V,●,●,●,X,X,●,10224,●,●,X,●,DM620012 (信託平台),●,FD65016,X,●,X,X,X
野村環球非投資等級債券,前收累積,新臺幣,50,38480612A,59,140037,●,●,WMF001573,V,A11046,●,A32059,X,X,NOM034,150,●,A080044A,X,●,DM120044 (信託平台),A32047,FD07050,X,32034,X,X,X
野村環球非投資等級債券,前收累積,美元,52,38480612C,61,140039,●,●,WMF001575,V,A11048,●,A32057,X,X,NOM036,152,DM120090,A080044C,X,●,DM120046 (信託平台),A32048,FD07052,X,32036,X,X,X
野村環球非投資等級債券,前收累積,人民幣,54,38480612E,63,140041,●,●,WMF002065,V,A11050,●,A32061,X,X,NOM038,155,●,A080044E,X,●,DM120048 (信託平台),A32050,●,X,32038,X,X,X
野村環球非投資等級債券,前收月配,新臺幣,51,38480612B,60,140038,●,●,WMF001574,V,A11047,●,A32060,X,X,NOM035,151,●,A080044B,X,●,DM120045 (信託平台),A32046,FD07051,X,32035,X,X,X
野村環球非投資等級債券,前收月配,美元,53,38480612D,62,140040,●,●,WMF001576,V,A11049,●,A32058,X,X,NOM037,153,●,A080044D,X,●,DM120047 (信託平台),A32049,FD07053,X,32037,X,X,X
野村環球非投資等級債券,前收月配,人民幣,55,38480612F,64,140042,●,●,WMF002066,V,A11051,●,A32062,X,X,NOM039,154,●,A080044F,X,●,DM120049 (信託平台),A32051,●,X,32039,X,X,X
野村動態配置多重資產,前收累積,新臺幣,61,38653661A,76,140017,V,●,WMF002237,V,●,●,A32074,X,X,NOM077,161,●,●,X,●,DM120061 (信託平台),A32057,●,X,32040,X,X,X
野村動態配置多重資產,前收累積,美元,65,38653661C,78,140019,V,●,WMF002239,V,●,●,A32076,X,X,NOM079,163,●,●,X,●,DM120063 (信託平台),A32059,●,X,32042,X,X,X
野村動態配置多重資產,前收累積,人民幣,63,38653661E,80,140021,V,●,WMF002241,V,●,●,A32078,X,X,NOM081,165,●,●,X,●,DM120065 (信託平台),A32061,●,X,32044,X,X,X
野村動態配置多重資產,前收累積,澳幣,67,38653661G,82,140023,V,●,WMF002243,V,●,●,A32080,X,X,NOM073,167,●,●,X,●,DM120067 (信託平台),A32063,●,X,32046,X,X,X
野村動態配置多重資產,前收累積,南非幣,69,38653661I,84,140025,V,●,WMF002245,V,●,●,A32082,X,X,NOM076,169,●,●,X,●,●,A32065,●,X,32048,X,X,X
野村動態配置多重資產,前收月配,新臺幣,62,38653661B,77,140018,V,●,WMF002238,V,●,●,A32075,X,X,NOM078,162,●,●,X,●,DM120062 (信託平台),A32058,●,X,32041,X,X,X
野村動態配置多重資產,前收月配,美元,66,38653661D,79,140020,V,●,WMF002240,V,●,●,A32077,X,X,NOM080,164,●,●,X,●,DM120064 (信託平台),A32060,●,X,32043,X,X,X
野村動態配置多重資產,前收月配,人民幣,64,38653661F,81,140022,V,●,WMF002242,V,●,●,A32079,X,X,NOM072,166,●,●,X,●,DM120066 (信託平台),A32062,●,X,32045,X,X,X
野村動態配置多重資產,前收月配,澳幣,68,38653661H,83,140024,V,●,WMF002244,V,●,●,A32081,X,X,NOM074,168,●,●,X,●,DM120068 (信託平台),A32064,●,X,32047,X,X,X
野村動態配置多重資產,前收月配,南非幣,70,38653661J,85,140026,V,●,WMF002246,V,●,●,A32083,X,X,NOM075,170,●,●,X,●,●,A32066,●,X,32049,X,X,X
野村美利堅非投資等級債券,前收累積,新臺幣,77,42313341A,87,140009,●,●,WMF002399,V,A11057,●,A32085,X,X,NOM082,171,●,A080040A,X,●,●,●,FD07060,X,32050,X,X,X
野村美利堅非投資等級債券,前收累積,美元,●,●,●,●,●,●,●,V,●,●,●,X,X,●,●,●,●,X,●,●,●,●,X,●,X,X,X
野村美利堅非投資等級債券,前收月配,新臺幣,78,42313341B,88,140010,●,●,WMF002400,V,A11058,●,A32086,X,X,NOM083,172,●,A080040B,X,●,●,●,FD07061,X,32051,X,X,X
野村美利堅非投資等級債券,前收月配,美元,79,42313341C,89,140011,●,●,WMF002401,V,A11059,●,A32087,X,X,NOM084,173,●,A080040C,X,●,●,●,FD07062,X,32052,X,X,X
野村美利堅非投資等級債券,前收月配,人民幣,80,42313341D,90,140012,●,●,WMF002402,V,A11060,●,A32088,X,X,NOM085,174,●,A080040D,X,●,●,●,FD07063,X,32053,X,X,X
野村美利堅非投資等級債券,後收累積,新臺幣,●,42313341G,●,●,●,●,●,,●,●,●,X,X,●,10266,●,A08B001G,X,●,●,●,FD65031,X,●,X,X,X
野村美利堅非投資等級債券,後收月配,新臺幣,●,42313341H,●,●,●,●,●,,●,●,●,X,X,●,10267,●,A08B001H,X,●,●,●,FD65032,X,●,X,X,X
野村日本領先,前收累積,新臺幣,81,42333108A,93,◎140044,V,●,WMF002497,V,A11056,●,A32091,X,X,NOM040,175,●,◎A080041A,X,●,●,●,●,X,32054,X,X,X
野村全球短期收益,前收累積,新臺幣,88,42382347A,94,140007,●,●,WMF002778,V,A11061,●,A32092,X,X,NOM041,176,●,A080042A,X,V,●,●,●,X,32055,X,X,X
野村全球短期收益,前收累積,美元,89,42382347B,A2,140008,●,●,WMF003006,V,●,●,A32099,X,X,NOM042,177,●,A080042B,X,●,●,●,●,X,32056,X,X,X
野村全球短期收益,前收累積,人民幣,●,42382347C,G7,●,●,●,●,V,●,●,A32121,X,X,●,●,●,A080042C,X,●,●,●,●,X,32057,X,X,X
野村全球短期收益,前收月配,新臺幣,●,●,●,●,●,●,●,,●,●,●,,,●,●,●,●,X,,●,,●,X,,,,
野村全球短期收益,前收月配,美元,●,●,●,●,●,●,●,,●,●,●,,,●,●,●,●,X,,●,,●,X,,,,
野村多元收益多重資產,前收累積,新臺幣,82,42391084A,95,140001,V,●,WMF004246,V,A11062,●,A32093,X,X,NOM043,10225,●,A080043A,X,●,DM120079 (信託平台),●,FD07102,X,32058,X,X,X
野村多元收益多重資產,前收累積,美元,84,42391084C,97,140003,V,●,WMF004248,V,A11064,●,A32095,X,X,NOM045,10227,●,A080043C,X,●,DM120083 (信託平台),●,FD07104,X,32060,X,X,X
野村多元收益多重資產,前收累積,人民幣,86,42391084E,99,140005,V,●,WMF004250,V,A11066,●,A32097,X,X,NOM047,10229,●,A080043E,X,●,DM120081 (信託平台),●,FD07105,X,32062,X,X,X
野村多元收益多重資產,前收月配,新臺幣,83,42391084B,96,140002,V,●,WMF004247,V,A11063,●,A32094,X,X,NOM044,10226,●,A080043B,X,●,DM120078 (信託平台),●,FD07103 ,X,32059,X,X,X
野村多元收益多重資產,前收月配,美元,85,42391084D,98,140004,V,●,WMF004249,V,A11065,●,A32096,X,X,NOM046,10228,●,A080043D,X,●,DM120082 (信託平台),●,FD07106,X,32061,X,X,X
野村多元收益多重資產,前收月配,人民幣,87,42391084F,A1,140006,V,●,WMF004251,V,A11067,●,A32098,X,X,NOM048,10230,●,A080043F,X,●,DM120080 (信託平台),●,FD07107,X,32063,X,X,X
野村多元收益多重資產,後收累積,新臺幣,134,42391084H,●,42N027,●,●,WMF004252,●,●,●,●,X,X,●,10231,●,A08B007H,X,●,DM620013 (信託平台),●,FD65008,X,●,X,X,X
野村多元收益多重資產,後收累積,美元,●,42391084L,●,42N029,●,●,●,●,●,●,●,X,X,●,●,●,A08B007L,X,●,DM620026(信託平台),●,FD65022,X,●,X,X,X
野村多元收益多重資產,後收月配,新臺幣,133,42391084I,●,42N028,●,●,WMF004253,●,●,●,●,X,X,●,10232,●,A08B007I,X,●,DM620014 (信託平台),●,FD65009,X,●,X,X,X
野村多元收益多重資產,後收月配,美元,132,42391084J,●,42N030,●,●,WMF004254,●,●,●,●,X,X,●,10233,●,A08B007J,X,●,DM620015 (信託平台),●,FD65023,X,●,X,X,X
野村多元收益多重資產,後收月配,人民幣,131,●,●,42N031,●,●,WMF004255,●,●,●,●,X,X,●,10234,●,A08B007K,X,●,DM620016 (信託平台),●,FD65024,X,●,X,X,X
野村多元收益多重資產,TISA,新臺幣,X,X,X,X,X,X,X,X,X,X,X,X,X,X,X,X,X,X,X,X,X,X,X,X,X,X,X
野村亞太新興債券,前收累積,新臺幣,90,42519049A,A9,140085,X,●,WMF003221,V,A11068,●,A32124,X,X,NOM086,178,●,A080045A,X,●,●,●,FD07054,X,32064,X,X,X
野村亞太新興債券,前收累積,美元,92,42519049C,B2,140087,X,●,WMF003223,V,A11070,●,A32126,X,X,NOM088,180,●,A080045C,X,●,●,●,FD07056,X,32066,X,X,X
野村亞太新興債券,前收累積,人民幣,94,42519049E,B4,140089,X,●,WMF003225,V,A11072,●,A32128,X,X,NOM090,182,●,A080045E,X,●,●,●,FD07058,X,32068,X,X,X
野村亞太新興債券,前收月配,新臺幣,91,42519049B,B1,140086,X,●,WMF003222,V,A11069,●,A32125,X,X,NOM087,179,●,A080045B,X,●,●,●,FD07055,X,32065,X,X,X
野村亞太新興債券,前收月配,美元,93,42519049D,B3,140088,X,●,WMF003224,V,A11071,●,A32127,X,X,NOM089,181,●,A080045D,X,●,●,●,FD07057,X,32067,X,X,X
野村亞太新興債券,前收月配,人民幣,95,42519049F,B5,140090,X,●,WMF003226,V,A11073,●,A32129,X,X,NOM091,183,●,A080045F,X,●,●,●,FD07059,X,32069,X,X,X
野村亞太新興債券,後收累積,新臺幣,138,42519049G,●,●,X,●,●,V,●,●,●,X,X,●,10217,●,●,X,●,●,●,FD65006,X,●,X,X,X
野村亞太新興債券,後收月配,新臺幣,137,42519049H,●,●,X,●,●,V,●,●,●,X,X,●,10218,●,●,X,●,●,●,FD65007,X,●,X,X,X
野村亞太新興債券,後收月配,美元,136,42519049I,●,●,X,●,●,V,●,●,●,X,X,●,10219,●,●,X,●,●,●,FD65020,X,●,X,X,X
野村亞太新興債券,後收月配,人民幣,135,●,●,●,X,●,●,V,●,●,●,X,X,●,10220,●,●,X,●,●,●,FD65021,X,●,X,X,X
野村全球金融收益,前收累積,新臺幣,111,72961391A,X,140111,●,●,WMF003405,V,A11089,●,A32147,X,X,NOM104,10207,●,A080049A,X,●,DM120084 (信託平台),A32088,FD07079,X,32079,X,X,X
野村全球金融收益,前收累積,美元,113,72961391D,X,140109,●,●,WMF003407,V,A11091,●,A32150,X,X,NOM106,10209,●,A080049D,X,●,DM120086 (信託平台),A32090,FD07081,X,32081,X,X,X
野村全球金融收益,前收累積,人民幣,115,72961391F,X,140108,●,●,WMF003409,V,A11093,●,A32152,X,X,NOM108,10211,●,A080049F,X,●,DM120088 (信託平台),A32092,FD07083,X,32083,X,X,X
野村全球金融收益,前收月配,新臺幣,112,72961391B,X,140110,●,●,WMF003406,V,A11090,●,A32148,X,X,NOM105,10208,●,A080049B,X,●,DM120085 (信託平台),A32089,FD07080,X,32080,X,X,X
野村全球金融收益,前收月配,美元,114,72961391E,X,140107,●,●,WMF003408,V,A11092,●,A32151,X,X,NOM107,10210,●,A080049E,X,●,DM120087 (信託平台),A32091,FD07082,X,32082,X,X,X
野村全球金融收益,前收月配,人民幣,116,72961391G,X,140106,●,●,WMF003410,V,A11094,●,A32153,X,X,NOM109,10212,●,A080049G,X,●,DM120089 (信託平台),A32093,FD07084,X,32084,X,X,X
野村全球金融收益,後收累積,新臺幣,130,72961391H,X,42N011,●,●,WMF004075,V,●,●,●,X,X,●,10213,●,A08B005H,X,●,DM620017 (信託平台),●,FD65004,X,●,X,X,X
野村全球金融收益,後收累積,美元,129,72961391L,X,42N013,●,●,WMF004306,V,●,●,●,X,X,●,10235,●,A08B005L,X,●,DM620021 (信託平台),●,FD65017,X,●,X,X,X
野村全球金融收益,後收月配,新臺幣,128,72961391I,X,42N012,●,●,WMF004076,V,●,●,●,X,X,●,10214,●,A08B005I,X,●,DM620018 (信託平台),●,FD65005,X,●,X,X,X
野村全球金融收益,後收月配,美元,127,72961391J,X,42N014,●,●,WMF004077,V,●,●,●,X,X,●,10215,●,A08B005J,X,●,DM620019 (信託平台),●,FD65018,X,●,X,X,X
野村全球金融收益,後收月配,人民幣,126,●,X,42N015,●,●,WMF004078,V,●,●,●,X,X,●,10216,●,A08B005K,X,●,DM620020 (信託平台),●,FD65019,X,●,X,X,X
野村特別時機非投資等級債券,前收累積,新臺幣,117,88181364A,●,140099,X,●,●,X,●,X,A32231,X,X,NOM117,10239,●,A080050A,X,●,DM120091 (信託平台),A32096,FD07087,X,32085,X,X,X
野村特別時機非投資等級債券,前收累積,美元,119,88181364E,●,140101,X,●,●,X,●,X,A32233,X,X,NOM119,10241,●,A080050E,X,●,DM120093 (信託平台),A32098,FD07089,X,32087,X,X,X
野村特別時機非投資等級債券,前收累積,人民幣,121,88181364I,●,140103,X,●,●,X,●,X,A32235,X,X,NOM121,10243,●,A080050I,X,●,DM120095 (信託平台),A32100,FD07091,X,32089,X,X,X
野村特別時機非投資等級債券,前收月配,新臺幣,118,88181364B,●,140100,X,●,●,X,●,X,A32232,X,X,NOM118,10240,●,A080050B,X,●,DM120092 (信託平台),A32097,FD07088,X,32086,X,X,X
野村特別時機非投資等級債券,前收月配,美元,120,88181364F,●,140102,X,●,●,X,●,X,A32234,X,X,NOM120,10242,●,A080050F,X,●,DM120094 (信託平台),A32099,FD07090,X,32088,X,X,X
野村特別時機非投資等級債券,前收月配,人民幣,122,88181364J,●,140104,X,●,●,X,●,X,A32236,X,X,NOM122,10244,●,A080050J,X,●,DM120096 (信託平台),A32101,FD07092 ,X,32090,X,X,X
野村特別時機非投資等級債券,前收月配,澳幣,123,88181364L,●,140105,X,●,●,X,●,X,A32237,X,X,NOM123,10245,●,A080050L,X,●,DM120097 (信託平台),A32102,FD07093 ,X,32091,X,X,X
野村特別時機非投資等級債券,後收累積,新臺幣,143,88181364C,●,42N032,X,●,●,X,●,X,●,X,X,●,10246,●,A08B002C,X,●,DM620001 (信託平台),●,FD65010,X,●,X,X,X
野村特別時機非投資等級債券,後收累積,美元,145,88181364G,●,42N034,X,●,●,X,●,X,●,X,X,●,10248,●,A08B002G,X,●,DM620003 (信託平台),●,FD65025,X,●,X,X,X
野村特別時機非投資等級債券,後收月配,新臺幣,144,88181364D,●,42N033,X,●,●,X,●,X,●,X,X,●,10247,●,A08B002D,X,●,DM620002 (信託平台),●,FD65011,X,●,X,X,X
野村特別時機非投資等級債券,後收月配,美元,146,88181364H,●,42N035,X,●,●,X,●,X,●,X,X,●,10249,●,A08B002H,X,●,DM620004 (信託平台),●,FD65026,X,●,X,X,X
野村特別時機非投資等級債券,後收月配,人民幣,147,●,●,42N036,X,●,●,X,●,X,●,X,X,●,10250,●,A08B002K,X,●,DM620005 (信託平台),●,FD65027,X,●,X,X,X
野村特別時機非投資等級債券,後收月配,澳幣,148,●,●,42N037,X,●,●,X,●,X,●,X,X,●,10251,●,A08B002M,X,●,DM620006 (信託平台),●,FD65028,X,●,X,X,X
野村全球正向效應成長,前收累積,新臺幣,149,88187162A,X,140136,X,●,WMF004416,X,●,X,A32244,X,X,NOM125,10252,●,A080051A,X,●,DM120101 (信託平台),A32103,FD07094,X,32092,X,X,X
野村全球正向效應成長,前收累積,美元,151,88187162E,X,140138,X,●, WMF004420,X,●,X,A32246,X,X,NOM127,10256,●,A080051E,X,●,DM120103 (信託平台),A32105,FD07096,X,32094,X,X,X
野村全球正向效應成長,前收季配,新臺幣,150,88187162B,X,140137,X,●, WMF004417,X,●,X,A32245,X,X,NOM126,10253,●,A080051B,X,●,DM120102 (信託平台),A32104,FD07095,X,32093,X,X,X
野村全球正向效應成長,前收季配,美元,152,88187162F,X,140139,X,●,WMF004421,X,●,X,A32247,X,X,NOM128,10257,●,A080051F,X,●,DM120104 (信託平台),A32106,FD07097,X,32095,X,X,X
野村全球正向效應成長,後收累積,新臺幣,153,88187162C,X,42N023,X,●,WMF004418,X,●,X,●,X,X,●,10254,●,A08B004C,X,●,DM620022 (信託平台),●,FD65012,X,●,X,X,X
野村全球正向效應成長,後收累積,美元,155,88187162G,X,42N025,X,●, WMF004422,X,●,X,●,X,X,●,10258,●,A08B004G,X,●,DM620024 (信託平台),●,FD65029,X,●,X,X,X
野村全球正向效應成長,後收季配,新臺幣,154,88187162D,X,42N024,X,●,WMF004419,X,●,X,●,X,X,●,10255,●,A08B004D,X,●,DM620023 (信託平台),●,FD65013,X,●,X,X,X
野村全球正向效應成長,後收季配,美元,156,88187162H,X,42N026,X,●,WMF004423,X,●,X,●,X,X,●,10259,●,A08B004H,X,●,DM620025 (信託平台),●,FD65030,X,●,X,X,X
野村全球基礎建設大未來,前收累積,新臺幣,157,88263822A,X,140112,X,●,WMF004466,X,●,X,A32256,X,X,NOM129,10260,●,A080052A,X,●,DM120105 (信託平台),●,●,X,32103,X,X,X
野村全球基礎建設大未來,前收累積,美元,158,88263822D,X,140113,X,●,WMF004467,X,●,X,A32258,X,X,NOM130,10262,●,A080052D,X,●,DM120106 (信託平台),●,●,X,32104,X,X,X
野村全球基礎建設大未來,前收累積,人民幣,159,88263822F,X,140114,X,●,WMF004468,X,●,X,A32260,X,X,NOM131,10264,●,A080052F,X,●,DM120107 (信託平台),●,●,X,32105,X,X,X
野村全球基礎建設大未來,後收累積,新臺幣,160,88263822B,X,●,X,●,WMF004469,X,●,X,●,X,X,●,10261,●,A08B006B,X,●,DM620027 (信託平台),●,●,X,●,X,X,X
野村全球基礎建設大未來,後收累積,美元,161,88263822E,X,●,X,●,WMF004470,X,●,X,●,X,X,●,10263,●,A08B006E,X,●,DM620028 (信託平台),●,●,X,●,X,X,X
野村全球基礎建設大未來,後收累積,人民幣,162,●,X,●,X,●,WMF004471,X,●,X,●,X,X,●,10265,●,A08B006G,X,●,DM620029 (信託平台),●,●,X,●,X,X,X
野村環球時機多重資產,前收累積,新臺幣,●,88348189A,X,1140115,X,●,●,X,A11106,X,A32264,X,X,NOM133,10268,X,A080053A,X,●,●,X,FD07098 ,X,32106,X,X,X
野村環球時機多重資產,前收累積,美元,●,88348189F,X,1140117,X,●,●,X,A11108,X,A32266,X,X,NOM135,10270,X,A080053F,X,●,●,X,FD07100,X,32108,X,X,X
野村環球時機多重資產,前收月配,新臺幣,●,88348189B,X,1140116,X,●,●,X,A11107,X,A32265,X,X,NOM134,10269,X,A080053B,X,●,●,X,FD07099,X,32107,X,X,X
野村環球時機多重資產,前收月配,美元,●,88348189G,X,1140118,X,●,●,X,A11109,X,A32267,X,X,NOM136,10271,X,A080053G,X,●,●,X,FD07101,X,32109,X,X,X
野村環球時機多重資產,後收累積,新臺幣,●,88348189C,X,●,X,●,●,X,●,X,●,X,X,●,10272,X,A08B003C,X,●,●,X,FD65033,X,●,X,X,X
野村環球時機多重資產,後收累積,美元,●,88348189H,X,●,X,●,●,X,●,X,●,X,X,●,10274,X,A08B003H,X,●,●,X,FD65035,X,●,X,X,X
野村環球時機多重資產,後收月配,新臺幣,●,88348189D,X,●,X,●,●,X,●,X,●,X,X,●,10273,X,A08B003D,X,●,●,X,FD65034,X,●,X,X,X
野村環球時機多重資產,後收月配,美元,●,88348189I,X,●,X,●,●,X,●,X,●,X,X,●,10275,X,A08B003I,X,●,●,X,FD65036,X,●,X,X,X
野村策略轉機多重資產,前收累積,新臺幣,●,93100172A,X,●,X,●,WMF004753,X,●,X,A32273,X,X,NOM137,10276,X,●,X,●,●,X,●,X,32110,X,X,X
野村策略轉機多重資產,前收累積,美元,●,93100172F,X,●,X,●,WMF004757,X,●,X,A32275,X,X,NOM139,10278,X,●,X,●,●,X,●,X,32112,X,X,X
野村策略轉機多重資產,前收月配,新臺幣,●,93100172B,X,●,X,●,WMF004754,X,●,X,A32274,X,X,NOM138,10277,X,●,X,●,●,X,●,X,32111,X,X,X
野村策略轉機多重資產,前收月配,美元,●,93100172G,X,●,X,●,WMF004758,X,●,X,A32276,X,X,NOM140,10279,X,●,X,●,●,X,●,X,32113,X,X,X
野村策略轉機多重資產,前收月配,人民幣,●,93100172J,X,●,X,●,●,X,●,X,A32277,X,X,NOM141,10280,X,●,X,●,●,X,●,X,32114,X,X,X
野村策略轉機多重資產,後收累積,新臺幣,●,93100172C,X,●,X,●,WMF004755,X,●,X,●,X,X,●,10281,X,●,X,●,●,X,●,X,●,X,X,X
野村策略轉機多重資產,後收累積,美元,●,93100172H,X,●,X,●,WMF004759,X,●,X,●,X,X,●,10283,X,●,X,●,●,X,●,X,●,X,X,X
野村策略轉機多重資產,後收月配,新臺幣,●,93100172D,X,●,X,●,WMF004756,X,●,X,●,X,X,●,10282,X,●,X,●,●,X,●,X,●,X,X,X
野村策略轉機多重資產,後收月配,美元,●,93100172I,X,●,X,●,WMF004760,X,●,X,●,X,X,●,10284,X,●,X,●,●,X,●,X,●,X,X,X
野村策略轉機多重資產,後收月配,人民幣,●,●,X,●,X,●,●,X,●,X,●,X,X,●,10285,X,●,X,●,●,X,●,X,●,X,X,X
野村全球科技多重資產,前收累積,新臺幣,●,00505743A,X, 140119,X,●,WMF004911,X,●,X,A32289,X,X,NOM144,10286,X,A080055A,X,●,DM120117,X,●,X,32115,X,X,X
野村全球科技多重資產,前收累積,美元,●,00505743F,X, 140121,X,●,WMF004915,X,●,X,A32291,X,X,NOM146,10288,X,A080055F,X,●,DM120119,X,●,X,32117,X,X,X
野村全球科技多重資產,前收月配,新臺幣,●,00505743B,X, 140120,X,●,WMF004912,X,●,X,A32290,X,X,NOM145,10287,X,A080055B,X,●,DM120118,X,●,X,32116,X,X,X
野村全球科技多重資產,前收月配,美元,●,00505743G,X, 140122,X,●,WMF004916,X,●,X,A32292,X,X,NOM147,10289,X,A080055G,X,●,DM120120,X,●,X,32118,X,X,X
野村全球科技多重資產,前收月配,人民幣,●,00505743J,X, 140123,X,●,●,X,●,X,A32293,X,X,NOM148,10290,X,A080055J,X,●,DM120121,X,●,X,32119,X,X,X
野村全球科技多重資產,前收月配,日幣,●,00505743L,X, 140124,X,●,WMF004919,X,●,X,A32294,X,X,NOM149,●,X,A080055L,X,●,DM120122,X,●,X,32120,X,X,X
野村全球科技多重資產,後收累積,新臺幣,●,00505743C,X, 42N001,X,●,WMF004913,X,●,X,●,X,X,●,10291,X,A08B009C,X,●,DM620030,X,●,X,●,X,X,X
野村全球科技多重資產,後收累積,美元,●,00505743H,X, 42N003,X,●,WMF004917,X,●,X,●,X,X,●,10293,X,A08B009H,X,●,DM620032,X,●,X,●,X,X,X
野村全球科技多重資產,後收月配,新臺幣,●,00505743D,X, 42N002,X,●,WMF004914,X,●,X,●,X,X,●,10292,X,A08B009D,X,●,DM620031,X,●,X,●,X,X,X
野村全球科技多重資產,後收月配,美元,●,00505743I,X, 42N004,X,●,WMF004918,X,●,X,●,X,X,●,10294,X,A08B009I,X,●,DM620033,X,●,X,●,X,X,X
野村全球科技多重資產,後收月配,人民幣,●,00505743K,X, 42N005,X,●,●,X,●,X,●,X,X,●,10295,X,A08B009K,X,●,DM620034,X,●,X,●,X,X,X
野村全球科技多重資產,後收月配,日幣,●,00505743M,X, 42N006,X,●,WMF004920,X,●,X,●,X,X,●,●,X,A08B009M,X,●,DM620035,X,●,X,●,X,X,X
野村全天候組合,前收累積,新臺幣,●,00528529A,X, 140125,X,X,WMF004973,X,●,X,A32303,X,X,X,●,X,●,X,X,●,X,FD07108,X,●,X,X,X
野村全天候組合,前收月配,新臺幣,●,00528529B,X, 140126,X,X,WMF004974,X,●,X,A32304,X,X,X,●,X,●,X,X,●,X,FD07109,X,●,X,X,X
野村全天候組合,前收累積,美元,●,00528529F,X, 140127,X,X,WMF004977,X,●,X,A32308,X,X,X,●,X,●,X,X,●,X,FD07110,X,●,X,X,X
野村全天候組合,前收月配,美元,●,00528529G,X, 140128,X,X,WMF004978,X,●,X,A32309,X,X,X,●,X,●,X,X,●,X,FD07111,X,●,X,X,X
野村全天候組合,前收月配,南非幣,●,00528529J,X, 140129,X,X,●,X,●,X,A32312,X,X,X,●,X,●,X,X,●,X,FD07112,X,●,X,X,X
野村全天候組合,後收累積,新臺幣,●,00528529C,X, 42N007,X,X,WMF004975,X,●,X,●,X,X,X,●,X,●,X,X,●,X,FD65037,X,●,X,X,X
野村全天候組合,後收月配,新臺幣,●,00528529D,X, 42N008,X,X,WMF004976,X,●,X,●,X,X,X,●,X,●,X,X,●,X,FD65038,X,●,X,X,X
野村全天候組合,後收累積,美元,●,00528529H,X, 42N009,X,X,WMF004979,X,●,X,●,X,X,X,●,X,●,X,X,●,X,FD65039,X,●,X,X,X
野村全天候組合,後收月配,美元,●,00528529I,X, 42N010,X,X,WMF004980,X,●,X,●,X,X,X,●,X,●,X,X,●,X,FD65040,X,●,X,X,X
野村全天候環球債券,前收累積,新臺幣,●,00572257A,X, 140130,X,●,WMF005109,X,●,X,A32317,X,X,NOM151,1241,X,A080056A,X,X,●,X,FD07113,X,32121,X,X,X
野村全天候環球債券,前收月配,新臺幣,●,00572257B,X, 140131,X,●,WMF005110,X,●,X,A32318,X,X,NOM152,1242,X,A080056B,X,X,●,X,FD07114,X,32122,X,X,X
野村全天候環球債券,前收累積,美元,●,00572257F,X, 140132,X,●,WMF005113,X,●,X,A32321,X,X,NOM153,1245,X,A080056F,X,X,●,X,FD07115,X,32123,X,X,X
野村全天候環球債券,前收月配,美元,●,00572257G,X, 140133,X,●,WMF005114,X,●,X,A32322,X,X,NOM154,1246,X,A080056G,X,X,●,X,FD07116,X,32124,X,X,X
野村全天候環球債券,前收月配,日幣,●,00572257K,X, 140134,X,●,WMF005117,X,●,X,A32325,X,X,NOM155,●,X,A080056K,X,X,●,X,FD07117,X,32125,X,X,X
野村全天候環球債券,後收累積,新臺幣,●,00572257C,X, 42N016,X,●,WMF005111,X,●,X,●,X,X,●,1243,X,A08B010C ,X,X,●,X,FD065041,X,●,X,X,X
野村全天候環球債券,後收月配,新臺幣,●,00572257D,X, 42N017,X,●,WMF005112,X,●,X,●,X,X,●,1244,X,A08B010D,X,X,●,X,FD065042,X,●,X,X,X
野村全天候環球債券,後收累積,美元,●,00572257H,X, 42N018,X,●,WMF005115,X,●,X,●,X,X,●,1247,X,A08B010H,X,X,●,X,FD065043,X,●,X,X,X
野村全天候環球債券,後收月配,美元,●,00572257I,X, 42N019,X,●,WMF005116,X,●,X,●,X,X,●,1248,X,A08B010I,X,X,●,X,FD065044,X,●,X,X,X
野村全天候環球債券,後收月配,日幣,●,00572257L,X, 42N020,X,●,WMF005118,X,●,X,●,X,X,●,●,X,A08B010L,X,X,●,X,FD065045,X,●,X,X,X
野村臺灣創新科技50 ETF連結,前收累積,新臺幣,X,X,X,X,X,X,X,X,X,X,X,X,X,X,X,X,X,X,X,X,X,X,X,X,X,X,X
野村臺灣創新科技50 ETF連結,前收半年配,新臺幣,X,X,X,X,X,X,X,X,X,X,X,X,X,X,X,X,X,X,X,X,X,X,X,X,X,X,X
野村美國增長股票ETF組合,前收累積,新臺幣,X,X,X,X,X,X,X,X,X,X,X,X,X,X,X,X,X,X,X,X,X,X,X,X,X,X,X
野村美國增長股票ETF組合,前收月配,新臺幣,X,X,X,X,X,X,X,X,X,X,X,X,X,X,X,X,X,X,X,X,X,X,X,X,X,X,X
野村美國增長股票ETF組合,前收累積,美元,X,X,X,X,X,X,X,X,X,X,X,X,X,X,X,X,X,X,X,X,X,X,X,X,X,X,X
野村美國增長股票ETF組合,前收月配,美元,X,X,X,X,X,X,X,X,X,X,X,X,X,X,X,X,X,X,X,X,X,X,X,X,X,X,X
野村美國增長股票ETF組合,後收月配,新臺幣,X,X,X,X,X,X,X,X,X,X,X,X,X,X,X,X,X,X,X,X,X,X,X,X,X,X,X
野村美國增長股票ETF組合,後收月配,美元,X,X,X,X,X,X,X,X,X,X,X,X,X,X,X,X,X,X,X,X,X,X,X,X,X,X,X
野村混合資本公司債券私募,前收累積,美元,X,X,X,X,X,X,X,X,X,X,X,X,X,X,X,X,X,X,X,X,X,X,X,X,X,X,X
野村混合資本公司債券私募,前收月配,美元,X,X,X,X,X,X,X,X,X,X,X,X,X,X,X,X,X,X,X,X,X,X,X,X,X,X,X
野村混合資本公司債券私募,後收月配,美元,X,X,X,X,X,X,X,X,X,X,X,X,X,X,X,X,X,X,X,X,X,X,X,X,X,X,X
